,hour,total_vehs,mean_occup,mean_queue_s,mean_speed_kmh,congested
hour,1.0,-0.0011024773205405894,0.0027026071942493255,-0.01276630649977038,0.005833243012815998,-0.016800022442094987
total_vehs,-0.0011024773205405894,1.0,0.7906145768271609,0.24033249797702097,0.6767624531243078,0.07545028480198072
mean_occup,0.0027026071942493255,0.7906145768271609,1.0,0.33051580268904807,0.6001307373151934,0.11870464131313023
mean_queue_s,-0.01276630649977038,0.24033249797702097,0.33051580268904807,1.0,0.655363729740095,0.21455310085694063
mean_speed_kmh,0.005833243012815998,0.6767624531243078,0.6001307373151934,0.655363729740095,1.0,0.07286218927333153
congested,-0.016800022442094987,0.07545028480198072,0.11870464131313023,0.21455310085694063,0.07286218927333153,1.0
