active_rate,zero_rate,mean_speed_active_kmh,mean_speed_inactive_kmh
0.2545995670995671,0.7454004329004329,41.18561001889243,0.0
