lane,rows_over_1,max_value
1,1484,1.6572999999999998
2,16321,3.0201
3,20373,2.9352
4,15544,2.8665
5,10842,2.9486
6,0,0.8469000000000001
