{
  "queue_min": 16.94333333333333,
  "queue_max": 892.3233333333334,
  "speed_min": 3.936,
  "speed_max": 28.601999999999997
}