{
  "horizon_intervals": 3,
  "link_congestion_rate": {
    "1": 0.0022945374525852745,
    "2": 0.02199046005106489,
    "3": 0.0016034524491298496,
    "4": 0.03373890510980711,
    "5": 0.9756877648195513,
    "6": 0.505058877466407,
    "7": 0.021644917549337176,
    "8": 0.0009123674456744244,
    "9": 0.2645612962639191,
    "10": 0.7396822361395237,
    "11": 0.0009123674456744244,
    "12": 0.0016034524491298496,
    "13": 0.07382183531022178,
    "14": 0.0009123674456744244,
    "15": 0.5199172050406986,
    "16": 0.6297997205901112,
    "17": 0.25004851119135507,
    "18": 0.021644917549337176,
    "19": 0.0009123674456744244,
    "20": 0.0009123674456744244,
    "21": 0.0009123674456744244,
    "22": 0.0009123674456744244,
    "23": 0.0009123674456744244,
    "24": 0.0009123674456744244,
    "25": 0.0009123674456744244,
    "26": 0.0009123674456744244,
    "27": 0.0009123674456744244,
    "28": 0.0009123674456744244,
    "29": 0.0009123674456744244,
    "30": 0.3177748415299868,
    "31": 0.6913062858976441,
    "32": 0.05516254021692529,
    "33": 0.002640079954312987,
    "34": 0.0009123674456744244,
    "35": 0.03132010759771313,
    "36": 0.8875744268789847,
    "37": 0.15606095072141735,
    "38": 0.0009123674456744244,
    "39": 0.0009123674456744244,
    "40": 0.0009123674456744244,
    "41": 0.028210225082163715,
    "42": 0.03201119260116855,
    "43": 0.0009123674456744244,
    "44": 0.7203318560427718,
    "45": 0.085570280368964,
    "46": 0.7700899762915624,
    "47": 0.006441047473317824,
    "48": 0.1215067005486461,
    "49": 0.0009123674456744244,
    "50": 0.0009123674456744244,
    "51": 0.0009123674456744244,
    "52": 0.0009123674456744244,
    "53": 0.0009123674456744244,
    "54": 0.001257909947402137,
    "55": 0.3098273639902494,
    "56": 0.01715286502687691,
    "57": 0.0009123674456744244,
    "58": 0.0009123674456744244,
    "59": 0.045141807666821625,
    "60": 0.34161727414919896,
    "61": 0.0009123674456744244,
    "62": 0.0009123674456744244,
    "63": 0.0009123674456744244,
    "64": 0.0009123674456744244,
    "65": 0.0009123674456744244,
    "66": 0.0009123674456744244
  },
  "link_congestion_rate_global": 0.1320195693890892,
  "weekend_link_rate": {
    "1": 0.004380882369556865,
    "2": 0.019481553510496463,
    "3": 0.004380882369556865,
    "4": 0.029548667604456198,
    "5": 0.9574010165977448,
    "6": 0.5010251776715703,
    "7": 0.02451511055747633,
    "8": 0.004380882369556865,
    "9": 0.26109229176553,
    "10": 0.7308909494836509,
    "11": 0.004380882369556865,
    "12": 0.004380882369556865,
    "13": 0.07820638572526156,
    "14": 0.004380882369556865,
    "15": 0.5043808823695569,
    "16": 0.6369312179400266,
    "17": 0.2560587347185502,
    "18": 0.019481553510496463,
    "19": 0.004380882369556865,
    "20": 0.004380882369556865,
    "21": 0.004380882369556865,
    "22": 0.004380882369556865,
    "23": 0.004380882369556865,
    "24": 0.004380882369556865,
    "25": 0.004380882369556865,
    "26": 0.004380882369556865,
    "27": 0.004380882369556865,
    "28": 0.004380882369556865,
    "29": 0.004380882369556865,
    "30": 0.3097500098863354,
    "31": 0.6537097414299595,
    "32": 0.058072157537342094,
    "33": 0.004380882369556865,
    "34": 0.004380882369556865,
    "35": 0.031226519953449484,
    "36": 0.8667969897521072,
    "37": 0.15203188908096626,
    "38": 0.004380882369556865,
    "39": 0.004380882369556865,
    "40": 0.004380882369556865,
    "41": 0.02619296290646962,
    "42": 0.039615781698415925,
    "43": 0.004380882369556865,
    "44": 0.6889446407588186,
    "45": 0.08659564747022801,
    "46": 0.7459916206245905,
    "47": 0.004380882369556865,
    "48": 0.13525336559103338,
    "49": 0.004380882369556865,
    "50": 0.004380882369556865,
    "51": 0.004380882369556865,
    "52": 0.004380882369556865,
    "53": 0.004380882369556865,
    "54": 0.004380882369556865,
    "55": 0.2812265199534495,
    "56": 0.014447996463516598,
    "57": 0.004380882369556865,
    "58": 0.004380882369556865,
    "59": 0.03290437230244277,
    "60": 0.3080721575373421,
    "61": 0.004380882369556865,
    "62": 0.004380882369556865,
    "63": 0.004380882369556865,
    "64": 0.004380882369556865,
    "65": 0.004380882369556865,
    "66": 0.004380882369556865
  },
  "weekend_link_rate_global": 0.1305502946127946,
  "upstream_map": {
    "31": [
      [
        30,
        0.3044
      ],
      [
        38,
        0.3818
      ],
      [
        40,
        0.3772
      ],
      [
        44,
        0.2937
      ]
    ],
    "38": [
      [
        30,
        0.3109
      ]
    ],
    "40": [
      [
        30,
        0.2957
      ],
      [
        34,
        0.2659
      ],
      [
        38,
        0.3919
      ],
      [
        44,
        0.2966
      ],
      [
        50,
        0.252
      ]
    ],
    "16": [
      [
        31,
        0.2689
      ],
      [
        36,
        0.2666
      ],
      [
        38,
        0.2984
      ],
      [
        40,
        0.2553
      ]
    ],
    "36": [
      [
        31,
        0.3259
      ],
      [
        34,
        0.2574
      ],
      [
        38,
        0.3687
      ],
      [
        40,
        0.3434
      ]
    ],
    "49": [
      [
        31,
        0.2543
      ],
      [
        38,
        0.2595
      ]
    ],
    "53": [
      [
        31,
        0.2558
      ],
      [
        38,
        0.2547
      ]
    ],
    "30": [
      [
        36,
        0.2669
      ],
      [
        44,
        0.2712
      ]
    ],
    "44": [
      [
        36,
        0.2803
      ],
      [
        38,
        0.3265
      ]
    ],
    "34": [
      [
        38,
        0.2986
      ]
    ],
    "50": [
      [
        38,
        0.2692
      ]
    ]
  }
}